{"cameraMode":{"drawMode":0,"name":"Shaded","section":"Shading Mode"},"sceneLighting":false,"audioPlay":false,"sceneViewState":{"m_AlwaysRefresh":false,"showFog":true,"showSkybox":true,"showFlares":true,"showImageEffects":true,"showParticleSystems":true,"showVisualEffectGraphs":true,"m_FxEnabled":true},"in2DMode":false,"pivot":{"x":-0.09570932388305664,"y":-0.9672276973724365,"z":0.016426563262939454},"rotation":{"x":-0.13803859055042268,"y":0.8165892958641052,"z":-0.2183765023946762,"w":-0.5161786675453186},"size":3.1995201110839845,"orthographic":false}